-- phpMyAdmin SQL Dump
-- version 4.8.5
-- https://www.phpmyadmin.net/
--
-- Host: 127.0.0.1
-- Generation Time: Apr 08, 2020 at 09:55 PM
-- Server version: 10.1.38-MariaDB
-- PHP Version: 7.3.3

SET SQL_MODE = "NO_AUTO_VALUE_ON_ZERO";
SET AUTOCOMMIT = 0;
START TRANSACTION;
SET time_zone = "+00:00";


/*!40101 SET @OLD_CHARACTER_SET_CLIENT=@@CHARACTER_SET_CLIENT */;
/*!40101 SET @OLD_CHARACTER_SET_RESULTS=@@CHARACTER_SET_RESULTS */;
/*!40101 SET @OLD_COLLATION_CONNECTION=@@COLLATION_CONNECTION */;
/*!40101 SET NAMES utf8mb4 */;

--
-- Database: `stock`
--

-- --------------------------------------------------------

--
-- Table structure for table `brands`
--

CREATE TABLE `brands` (
  `brand_id` int(11) NOT NULL,
  `brand_name` varchar(255) NOT NULL,
  `brand_active` int(11) NOT NULL DEFAULT '0',
  `brand_status` int(11) NOT NULL DEFAULT '0'
) ENGINE=InnoDB DEFAULT CHARSET=latin1;

--
-- Dumping data for table `brands`
--

INSERT INTO `brands` (`brand_id`, `brand_name`, `brand_active`, `brand_status`) VALUES
(1, 'Gap', 1, 2),
(2, 'Forever 21', 1, 2),
(3, 'Gap', 1, 2),
(4, 'Forever 21', 1, 2),
(5, 'Adidas', 1, 2),
(6, 'Gap', 1, 2),
(7, 'Forever 21', 1, 2),
(8, 'Adidas', 1, 2),
(9, 'Gap', 1, 2),
(10, 'Forever 21', 1, 2),
(11, 'Adidas', 1, 2),
(12, 'Gap', 1, 2),
(13, 'Forever 21', 1, 2),
(14, 'Apple', 1, 1),
(15, 'Samsung', 1, 1),
(16, 'Sony', 2, 2),
(17, 'Fortinet', 1, 1);

-- --------------------------------------------------------

--
-- Table structure for table `categories`
--

CREATE TABLE `categories` (
  `categories_id` int(11) NOT NULL,
  `categories_name` varchar(255) NOT NULL,
  `categories_active` int(11) NOT NULL DEFAULT '0',
  `categories_status` int(11) NOT NULL DEFAULT '0'
) ENGINE=InnoDB DEFAULT CHARSET=latin1;

--
-- Dumping data for table `categories`
--

INSERT INTO `categories` (`categories_id`, `categories_name`, `categories_active`, `categories_status`) VALUES
(1, 'Sports ', 1, 2),
(2, 'Casual', 1, 2),
(3, 'Casual', 1, 2),
(4, 'Sport', 1, 2),
(5, 'Casual', 1, 2),
(6, 'Sport wear', 1, 2),
(7, 'Casual wear', 1, 2),
(8, 'Sports ', 1, 2),
(9, 'Laptops', 1, 1),
(10, 'Mobile Phone', 1, 1),
(11, 'Servers', 1, 1);

-- --------------------------------------------------------

--
-- Table structure for table `orders`
--

CREATE TABLE `orders` (
  `order_id` int(11) NOT NULL,
  `order_date` date NOT NULL,
  `client_name` varchar(255) NOT NULL,
  `client_contact` varchar(255) NOT NULL,
  `sub_total` varchar(255) NOT NULL,
  `vat` varchar(255) NOT NULL,
  `total_amount` varchar(255) NOT NULL,
  `discount` varchar(255) NOT NULL,
  `grand_total` varchar(255) NOT NULL,
  `paid` varchar(255) NOT NULL,
  `due` varchar(255) NOT NULL,
  `payment_type` int(11) NOT NULL,
  `payment_status` int(11) NOT NULL,
  `order_status` int(11) NOT NULL DEFAULT '0'
) ENGINE=InnoDB DEFAULT CHARSET=latin1;

--
-- Dumping data for table `orders`
--

INSERT INTO `orders` (`order_id`, `order_date`, `client_name`, `client_contact`, `sub_total`, `vat`, `total_amount`, `discount`, `grand_total`, `paid`, `due`, `payment_type`, `payment_status`, `order_status`) VALUES
(1, '2016-07-15', 'John Doe', '9807867564', '2700.00', '351.00', '3051.00', '1000.00', '2051.00', '1000.00', '1051.00', 2, 2, 2),
(2, '2016-07-15', 'John Doe', '9808746573', '3400.00', '442.00', '3842.00', '500.00', '3342.00', '3342', '0', 2, 1, 2),
(3, '2016-07-16', 'John Doe', '9809876758', '3600.00', '468.00', '4068.00', '568.00', '3500.00', '3500', '0', 2, 1, 2),
(4, '2016-08-01', 'Indra', '19208130', '1200.00', '156.00', '1356.00', '1000.00', '356.00', '356', '0.00', 2, 1, 2),
(5, '2016-07-16', 'John Doe', '9808767689', '6000.00', '780.00', '6780.00', '500.00', '6280.00', '3568', '2712.00', 3, 1, 1),
(6, '2020-04-08', 'PridePoint Bank', '4315886395', '3000.00', '390.00', '3390.00', '10', '3380.00', '3380', '0.00', 3, 1, 1),
(7, '2020-04-08', 'Pridepoint', '4315886395', '150000.00', '19500.00', '169500.00', '0', '169500.00', '169500', '0.00', 3, 1, 1);

-- --------------------------------------------------------

--
-- Table structure for table `order_item`
--

CREATE TABLE `order_item` (
  `order_item_id` int(11) NOT NULL,
  `order_id` int(11) NOT NULL DEFAULT '0',
  `product_id` int(11) NOT NULL DEFAULT '0',
  `quantity` varchar(255) NOT NULL,
  `rate` varchar(255) NOT NULL,
  `total` varchar(255) NOT NULL,
  `order_item_status` int(11) NOT NULL DEFAULT '0'
) ENGINE=InnoDB DEFAULT CHARSET=latin1;

--
-- Dumping data for table `order_item`
--

INSERT INTO `order_item` (`order_item_id`, `order_id`, `product_id`, `quantity`, `rate`, `total`, `order_item_status`) VALUES
(1, 1, 1, '1', '1500', '1500.00', 2),
(2, 1, 2, '1', '1200', '1200.00', 2),
(3, 2, 3, '2', '1200', '2400.00', 2),
(4, 2, 4, '1', '1000', '1000.00', 2),
(5, 3, 5, '2', '1200', '2400.00', 2),
(6, 3, 6, '1', '1200', '1200.00', 2),
(7, 4, 5, '1', '1200', '1200.00', 2),
(10, 6, 10, '1', '3000', '3000.00', 1),
(11, 7, 11, '50', '3000', '150000.00', 1),
(12, 5, 10, '1', '3000', '3000.00', 1),
(13, 5, 10, '1', '3000', '3000.00', 1);

-- --------------------------------------------------------

--
-- Table structure for table `product`
--

CREATE TABLE `product` (
  `product_id` int(11) NOT NULL,
  `product_name` varchar(255) NOT NULL,
  `product_image` text NOT NULL,
  `brand_id` int(11) NOT NULL,
  `categories_id` int(11) NOT NULL,
  `quantity` varchar(255) NOT NULL,
  `rate` varchar(255) NOT NULL,
  `active` int(11) NOT NULL DEFAULT '0',
  `status` int(11) NOT NULL DEFAULT '0'
) ENGINE=InnoDB DEFAULT CHARSET=latin1;

--
-- Dumping data for table `product`
--

INSERT INTO `product` (`product_id`, `product_name`, `product_image`, `brand_id`, `categories_id`, `quantity`, `rate`, `active`, `status`) VALUES
(10, 'Apple Airpad Pro', '../assests/images/stock/14023801395e8de091682a3.jpg', 14, 10, '51', '3000', 1, 1),
(11, 'Fortinet 773487 server', '../assests/images/stock/21008986155e8de40304f4e.jpg', 17, 11, '50', '3000', 1, 1);

-- --------------------------------------------------------

--
-- Table structure for table `users`
--

CREATE TABLE `users` (
  `user_id` int(11) NOT NULL,
  `username` varchar(255) NOT NULL,
  `password` varchar(255) NOT NULL,
  `email` varchar(255) NOT NULL
) ENGINE=InnoDB DEFAULT CHARSET=latin1;

--
-- Dumping data for table `users`
--

INSERT INTO `users` (`user_id`, `username`, `password`, `email`) VALUES
(1, 'admin', 'admin', 'admin@gmail.com'),
(2, 'chandan', '123', 'adiwalchandan@gmail.com'),
(3, 'test', '123', 'test@gmail.com'),
(4, 'prince', '123', 'prince@gmail.com'),
(5, 'test1', '123', 'test1@gmail.com'),
(6, 'test2', '123', 'test2@gmail.com');

--
-- Indexes for dumped tables
--

--
-- Indexes for table `brands`
--
ALTER TABLE `brands`
  ADD PRIMARY KEY (`brand_id`);

--
-- Indexes for table `categories`
--
ALTER TABLE `categories`
  ADD PRIMARY KEY (`categories_id`);

--
-- Indexes for table `orders`
--
ALTER TABLE `orders`
  ADD PRIMARY KEY (`order_id`);

--
-- Indexes for table `order_item`
--
ALTER TABLE `order_item`
  ADD PRIMARY KEY (`order_item_id`);

--
-- Indexes for table `product`
--
ALTER TABLE `product`
  ADD PRIMARY KEY (`product_id`);

--
-- Indexes for table `users`
--
ALTER TABLE `users`
  ADD PRIMARY KEY (`user_id`);

--
-- AUTO_INCREMENT for dumped tables
--

--
-- AUTO_INCREMENT for table `brands`
--
ALTER TABLE `brands`
  MODIFY `brand_id` int(11) NOT NULL AUTO_INCREMENT, AUTO_INCREMENT=18;

--
-- AUTO_INCREMENT for table `categories`
--
ALTER TABLE `categories`
  MODIFY `categories_id` int(11) NOT NULL AUTO_INCREMENT, AUTO_INCREMENT=12;

--
-- AUTO_INCREMENT for table `orders`
--
ALTER TABLE `orders`
  MODIFY `order_id` int(11) NOT NULL AUTO_INCREMENT, AUTO_INCREMENT=8;

--
-- AUTO_INCREMENT for table `order_item`
--
ALTER TABLE `order_item`
  MODIFY `order_item_id` int(11) NOT NULL AUTO_INCREMENT, AUTO_INCREMENT=14;

--
-- AUTO_INCREMENT for table `product`
--
ALTER TABLE `product`
  MODIFY `product_id` int(11) NOT NULL AUTO_INCREMENT, AUTO_INCREMENT=12;

--
-- AUTO_INCREMENT for table `users`
--
ALTER TABLE `users`
  MODIFY `user_id` int(11) NOT NULL AUTO_INCREMENT, AUTO_INCREMENT=7;
COMMIT;

/*!40101 SET CHARACTER_SET_CLIENT=@OLD_CHARACTER_SET_CLIENT */;
/*!40101 SET CHARACTER_SET_RESULTS=@OLD_CHARACTER_SET_RESULTS */;
/*!40101 SET COLLATION_CONNECTION=@OLD_COLLATION_CONNECTION */;
